Y,Base,Altura,Diametro_Externo,Inertia,DistanceC,Thickness,Sigma,Safety Factor,M/EI,Angle,Deflection,Total mass,Mass Per Section
0.022360842,0.06,0.032,,3.3340000000000006e-08,0.016,0.001,29358765.634073183,0.5109206629106813,0.6116409507098579,0.0,0.0,0.054240000000000024,"[{""SectionType"": ""retangular"", ""Length"": 0.3, ""Mass"": 0.010800000000000014}, {""SectionType"": ""retangular"", ""Length"": 0.39999999999999997, ""Mass"": 0.010559999999999995}, {""SectionType"": ""retangular"", ""Length"": 0.30000000000000004, ""Mass"": 0.005760000000000001}]"
0.066944665,0.06,0.032,,3.3340000000000006e-08,0.016,0.001,26529578.005998794,0.5654066565479572,0.5526995417916415,0.024641458543419648,0.0010986104261616594,0.054240000000000024,"[{""SectionType"": ""retangular"", ""Length"": 0.3, ""Mass"": 0.010800000000000014}, {""SectionType"": ""retangular"", ""Length"": 0.39999999999999997, ""Mass"": 0.010559999999999995}, {""SectionType"": ""retangular"", ""Length"": 0.30000000000000004, ""Mass"": 0.005760000000000001}]"
0.111115751,0.06,0.032,,3.3340000000000006e-08,0.016,0.001,23865574.229154166,0.6285203890747373,0.4971994631073784,0.046603298787489485,0.003157128744787553,0.054240000000000024,"[{""SectionType"": ""retangular"", ""Length"": 0.3, ""Mass"": 0.010800000000000014}, {""SectionType"": ""retangular"", ""Length"": 0.39999999999999997, ""Mass"": 0.010559999999999995}, {""SectionType"": ""retangular"", ""Length"": 0.30000000000000004, ""Mass"": 0.005760000000000001}]"
0.154601772,0.06,0.032,,3.3340000000000006e-08,0.016,0.001,21379402.917816434,0.7016098652362183,0.445404227454509,0.06597215637606504,0.0060259953223724015,0.054240000000000024,"[{""SectionType"": ""retangular"", ""Length"": 0.3, ""Mass"": 0.010800000000000014}, {""SectionType"": ""retangular"", ""Length"": 0.39999999999999997, ""Mass"": 0.010559999999999995}, {""SectionType"": ""retangular"", ""Length"": 0.30000000000000004, ""Mass"": 0.005760000000000001}]"
0.197134622,0.06,0.032,,3.3340000000000006e-08,0.016,0.001,19079856.54229154,0.7861694330222915,0.39749701129774034,0.08287883713304015,0.00955106847032643,0.054240000000000024,"[{""SectionType"": ""retangular"", ""Length"": 0.3, ""Mass"": 0.010800000000000014}, {""SectionType"": ""retangular"", ""Length"": 0.39999999999999997, ""Mass"": 0.010559999999999995}, {""SectionType"": ""retangular"", ""Length"": 0.30000000000000004, ""Mass"": 0.005760000000000001}]"
0.238452071,0.06,0.032,,3.3340000000000006e-08,0.016,0.001,16971994.437912416,0.8838089156152837,0.3535832174565086,0.09748799368755534,0.013579023677624317,0.054240000000000024,"[{""SectionType"": ""retangular"", ""Length"": 0.3, ""Mass"": 0.010800000000000014}, {""SectionType"": ""retangular"", ""Length"": 0.39999999999999997, ""Mass"": 0.010559999999999995}, {""SectionType"": ""retangular"", ""Length"": 0.30000000000000004, ""Mass"": 0.005760000000000001}]"
0.278299383,0.06,0.032,,3.3340000000000006e-08,0.016,0.001,15057360.307138568,0.9961905469505585,0.31369500639872017,0.10998789648036715,0.01796174570490121,0.054240000000000024,"[{""SectionType"": ""retangular"", ""Length"": 0.3, ""Mass"": 0.010800000000000014}, {""SectionType"": ""retangular"", ""Length"": 0.39999999999999997, ""Mass"": 0.010559999999999995}, {""SectionType"": ""retangular"", ""Length"": 0.30000000000000004, ""Mass"": 0.005760000000000001}]"
0.316430888,0.048,0.02,,9.643999999999997e-09,0.01,0.001,28810986.457901295,0.5206347246012575,0.9603662152633765,0.14660810561951368,0.023552133417372226,0.054240000000000024,"[{""SectionType"": ""retangular"", ""Length"": 0.3, ""Mass"": 0.010800000000000014}, {""SectionType"": ""retangular"", ""Length"": 0.39999999999999997, ""Mass"": 0.010559999999999995}, {""SectionType"": ""retangular"", ""Length"": 0.30000000000000004, ""Mass"": 0.005760000000000001}]"
0.352611491,0.048,0.02,,9.643999999999997e-09,0.01,0.001,25492141.849854838,0.588416622202556,0.849738061661828,0.17735214108248978,0.029968840825077774,0.054240000000000024,"[{""SectionType"": ""retangular"", ""Length"": 0.3, ""Mass"": 0.010800000000000014}, {""SectionType"": ""retangular"", ""Length"": 0.39999999999999997, ""Mass"": 0.010559999999999995}, {""SectionType"": ""retangular"", ""Length"": 0.30000000000000004, ""Mass"": 0.005760000000000001}]"
0.386618126,0.048,0.02,,9.643999999999997e-09,0.01,0.001,22562511.28162589,0.664819612177456,0.7520837093875296,0.20292797727707756,0.03686973847962764,0.054240000000000024,"[{""SectionType"": ""retangular"", ""Length"": 0.3, ""Mass"": 0.010800000000000014}, {""SectionType"": ""retangular"", ""Length"": 0.39999999999999997, ""Mass"": 0.010559999999999995}, {""SectionType"": ""retangular"", ""Length"": 0.30000000000000004, ""Mass"": 0.005760000000000001}]"
0.418241133,0.048,0.02,,9.643999999999997e-09,0.01,0.001,20002984.031522196,0.7498881155112597,0.6667661343840732,0.22401312741206802,0.043953707175871354,0.054240000000000024,"[{""SectionType"": ""retangular"", ""Length"": 0.3, ""Mass"": 0.010800000000000014}, {""SectionType"": ""retangular"", ""Length"": 0.39999999999999997, ""Mass"": 0.010559999999999995}, {""SectionType"": ""retangular"", ""Length"": 0.30000000000000004, ""Mass"": 0.005760000000000001}]"
0.447285544,0.048,0.02,,9.643999999999997e-09,0.01,0.001,17791360.29655745,0.8431058530641097,0.5930453432185817,0.24123778010214458,0.05096031640988566,0.054240000000000024,"[{""SectionType"": ""retangular"", ""Length"": 0.3, ""Mass"": 0.010800000000000014}, {""SectionType"": ""retangular"", ""Length"": 0.39999999999999997, ""Mass"": 0.010559999999999995}, {""SectionType"": ""retangular"", ""Length"": 0.30000000000000004, ""Mass"": 0.005760000000000001}]"
0.47357229,0.048,0.02,,9.643999999999997e-09,0.01,0.001,15903452.758191628,0.9431914080590912,0.5301150919397208,0.25517278087473066,0.05766797848685337,0.054240000000000024,"[{""SectionType"": ""retangular"", ""Length"": 0.3, ""Mass"": 0.010800000000000014}, {""SectionType"": ""retangular"", ""Length"": 0.39999999999999997, ""Mass"": 0.010559999999999995}, {""SectionType"": ""retangular"", ""Length"": 0.30000000000000004, ""Mass"": 0.005760000000000001}]"
0.496939306,0.048,0.02,,9.643999999999997e-09,0.01,0.001,14314171.225632524,1.0479125730408587,0.4771390408544174,0.2663220964766005,0.06389113117637564,0.054240000000000024,"[{""SectionType"": ""retangular"", ""Length"": 0.3, ""Mass"": 0.010800000000000014}, {""SectionType"": ""retangular"", ""Length"": 0.39999999999999997, ""Mass"": 0.010559999999999995}, {""SectionType"": ""retangular"", ""Length"": 0.30000000000000004, ""Mass"": 0.005760000000000001}]"
0.517242526,0.048,0.02,,9.643999999999997e-09,0.01,0.001,12998557.061385322,1.1539742395377364,0.4332852353795107,0.27511918193326246,0.06947693645338668,0.054240000000000024,"[{""SectionType"": ""retangular"", ""Length"": 0.3, ""Mass"": 0.010800000000000014}, {""SectionType"": ""retangular"", ""Length"": 0.39999999999999997, ""Mass"": 0.010559999999999995}, {""SectionType"": ""retangular"", ""Length"": 0.30000000000000004, ""Mass"": 0.005760000000000001}]"
0.534356774,0.048,0.02,,9.643999999999997e-09,0.01,0.001,11932737.930319373,1.2570459594094625,0.3977579310106457,0.28192650980854556,0.07430189666002457,0.054240000000000024,"[{""SectionType"": ""retangular"", ""Length"": 0.3, ""Mass"": 0.010800000000000014}, {""SectionType"": ""retangular"", ""Length"": 0.39999999999999997, ""Mass"": 0.010559999999999995}, {""SectionType"": ""retangular"", ""Length"": 0.30000000000000004, ""Mass"": 0.005760000000000001}]"
0.548176535,0.048,0.02,,9.643999999999997e-09,0.01,0.001,11094779.064703448,1.35198726468745,0.3698259688234482,0.28703741630927904,0.07826868515147628,0.054240000000000024,"[{""SectionType"": ""retangular"", ""Length"": 0.3, ""Mass"": 0.010800000000000014}, {""SectionType"": ""retangular"", ""Length"": 0.39999999999999997, ""Mass"": 0.010559999999999995}, {""SectionType"": ""retangular"", ""Length"": 0.30000000000000004, ""Mass"": 0.005760000000000001}]"
0.558616604,0.048,0.02,,9.643999999999997e-09,0.01,0.001,10465414.008710083,1.4332925565597217,0.34884713362366937,0.29067940445476237,0.08130339819086292,0.054240000000000024,"[{""SectionType"": ""retangular"", ""Length"": 0.3, ""Mass"": 0.010800000000000014}, {""SectionType"": ""retangular"", ""Length"": 0.39999999999999997, ""Mass"": 0.010559999999999995}, {""SectionType"": ""retangular"", ""Length"": 0.30000000000000004, ""Mass"": 0.005760000000000001}]"
0.565612617,0.048,0.02,,9.643999999999997e-09,0.01,0.001,10028644.415180428,1.4957156101072242,0.33428814717268085,0.29301808867812834,0.08335335654849026,0.054240000000000024,"[{""SectionType"": ""retangular"", ""Length"": 0.3, ""Mass"": 0.010800000000000014}, {""SectionType"": ""retangular"", ""Length"": 0.39999999999999997, ""Mass"": 0.010559999999999995}, {""SectionType"": ""retangular"", ""Length"": 0.30000000000000004, ""Mass"": 0.005760000000000001}]"
0.56912144,0.048,0.02,,9.643999999999997e-09,0.01,0.001,9772204.68374119,1.5349658020320347,0.3257401561247063,0.2941610532299623,0.08438551561776778,0.054240000000000024,"[{""SectionType"": ""retangular"", ""Length"": 0.3, ""Mass"": 0.010800000000000014}, {""SectionType"": ""retangular"", ""Length"": 0.39999999999999997, ""Mass"": 0.010559999999999995}, {""SectionType"": ""retangular"", ""Length"": 0.30000000000000004, ""Mass"": 0.005760000000000001}]"
0.59247362,0.048,0.02,,9.643999999999997e-09,0.01,0.001,9687891.374948157,1.5483245444708829,0.3229297124982719,0.3017021660035702,0.09143091890467304,0.054240000000000024,"[{""SectionType"": ""retangular"", ""Length"": 0.3, ""Mass"": 0.010800000000000014}, {""SectionType"": ""retangular"", ""Length"": 0.39999999999999997, ""Mass"": 0.010559999999999995}, {""SectionType"": ""retangular"", ""Length"": 0.30000000000000004, ""Mass"": 0.005760000000000001}]"
0.637174633,0.048,0.02,,9.643999999999997e-09,0.01,0.001,7542579.030485278,1.9887096892685687,0.25141930101617593,0.31294086344674515,0.10541969250983721,0.054240000000000024,"[{""SectionType"": ""retangular"", ""Length"": 0.3, ""Mass"": 0.010800000000000014}, {""SectionType"": ""retangular"", ""Length"": 0.39999999999999997, ""Mass"": 0.010559999999999995}, {""SectionType"": ""retangular"", ""Length"": 0.30000000000000004, ""Mass"": 0.005760000000000001}]"
0.681139667,0.048,0.02,,9.643999999999997e-09,0.01,0.001,5706973.871837414,2.6283631810584422,0.19023246239458044,0.3213044401238266,0.11954585314423219,0.054240000000000024,"[{""SectionType"": ""retangular"", ""Length"": 0.3, ""Mass"": 0.010800000000000014}, {""SectionType"": ""retangular"", ""Length"": 0.39999999999999997, ""Mass"": 0.010559999999999995}, {""SectionType"": ""retangular"", ""Length"": 0.30000000000000004, ""Mass"": 0.005760000000000001}]"
0.723887032,0.04,0.01,,1.7120000000000003e-09,0.005,0.001,11776088.13376168,1.273767640800468,0.7850725422507786,0.3548642226388986,0.13471536359481848,0.054240000000000024,"[{""SectionType"": ""retangular"", ""Length"": 0.3, ""Mass"": 0.010800000000000014}, {""SectionType"": ""retangular"", ""Length"": 0.39999999999999997, ""Mass"": 0.010559999999999995}, {""SectionType"": ""retangular"", ""Length"": 0.30000000000000004, ""Mass"": 0.005760000000000001}]"
0.764948378,0.04,0.01,,1.7120000000000003e-09,0.005,0.001,8314438.904789719,1.8040904710189059,0.5542959269859812,0.37762435948326073,0.15022112807758903,0.054240000000000024,"[{""SectionType"": ""retangular"", ""Length"": 0.3, ""Mass"": 0.010800000000000014}, {""SectionType"": ""retangular"", ""Length"": 0.39999999999999997, ""Mass"": 0.010559999999999995}, {""SectionType"": ""retangular"", ""Length"": 0.30000000000000004, ""Mass"": 0.005760000000000001}]"
0.8038738292,0.04,0.01,,1.7120000000000003e-09,0.005,0.001,5623953.449182242,2.667162901602803,0.3749302299454828,0.3922186878524084,0.16548841747131596,0.054240000000000024,"[{""SectionType"": ""retangular"", ""Length"": 0.3, ""Mass"": 0.010800000000000014}, {""SectionType"": ""retangular"", ""Length"": 0.39999999999999997, ""Mass"": 0.010559999999999995}, {""SectionType"": ""retangular"", ""Length"": 0.30000000000000004, ""Mass"": 0.005760000000000001}]"
0.8402369096,0.04,0.01,,1.7120000000000003e-09,0.005,0.001,3616296.7260514013,4.147889716001915,0.24108644840342675,0.40098533375905265,0.18006947940201723,0.054240000000000024,"[{""SectionType"": ""retangular"", ""Length"": 0.3, ""Mass"": 0.010800000000000014}, {""SectionType"": ""retangular"", ""Length"": 0.39999999999999997, ""Mass"": 0.010559999999999995}, {""SectionType"": ""retangular"", ""Length"": 0.30000000000000004, ""Mass"": 0.005760000000000001}]"
0.8736392178,0.04,0.01,,1.7120000000000003e-09,0.005,0.001,2187775.945969626,6.856277960105269,0.1458517297313084,0.4058571181870409,0.1936260439488646,0.054240000000000024,"[{""SectionType"": ""retangular"", ""Length"": 0.3, ""Mass"": 0.010800000000000014}, {""SectionType"": ""retangular"", ""Length"": 0.39999999999999997, ""Mass"": 0.010559999999999995}, {""SectionType"": ""retangular"", ""Length"": 0.30000000000000004, ""Mass"": 0.005760000000000001}]"
0.9037147913,0.04,0.01,,1.7120000000000003e-09,0.005,0.001,1227551.258469626,12.219449001828506,0.08183675056464172,0.40831840539364894,0.20590645416168407,0.054240000000000024,"[{""SectionType"": ""retangular"", ""Length"": 0.3, ""Mass"": 0.010800000000000014}, {""SectionType"": ""retangular"", ""Length"": 0.39999999999999997, ""Mass"": 0.010559999999999995}, {""SectionType"": ""retangular"", ""Length"": 0.30000000000000004, ""Mass"": 0.005760000000000001}]"
0.9301341156,0.04,0.01,,1.7120000000000003e-09,0.005,0.001,625752.6582943924,23.97113268505378,0.04171684388629283,0.4094205362210534,0.216723068083188,0.054240000000000024,"[{""SectionType"": ""retangular"", ""Length"": 0.3, ""Mass"": 0.010800000000000014}, {""SectionType"": ""retangular"", ""Length"": 0.39999999999999997, ""Mass"": 0.010559999999999995}, {""SectionType"": ""retangular"", ""Length"": 0.30000000000000004, ""Mass"": 0.005760000000000001}]"
0.9526077352,0.04,0.01,,1.7120000000000003e-09,0.005,0.001,280808.5129380841,53.417183984402115,0.018720567529205603,0.4098412551344009,0.22593368454746504,0.054240000000000024,"[{""SectionType"": ""retangular"", ""Length"": 0.3, ""Mass"": 0.010800000000000014}, {""SectionType"": ""retangular"", ""Length"": 0.39999999999999997, ""Mass"": 0.010559999999999995}, {""SectionType"": ""retangular"", ""Length"": 0.30000000000000004, ""Mass"": 0.005760000000000001}]"
0.9708894244,0.04,0.01,,1.7120000000000003e-09,0.005,0.001,105328.64261098129,142.41140518064682,0.007021909507398752,0.4099696275016057,0.23342862185888918,0.054240000000000024,"[{""SectionType"": ""retangular"", ""Length"": 0.3, ""Mass"": 0.010800000000000014}, {""SectionType"": ""retangular"", ""Length"": 0.39999999999999997, ""Mass"": 0.010559999999999995}, {""SectionType"": ""retangular"", ""Length"": 0.30000000000000004, ""Mass"": 0.005760000000000001}]"
0.9847788852,0.04,0.01,,1.7120000000000003e-09,0.005,0.001,30013.34798481308,499.7776325250379,0.002000889865654205,0.4099974187829598,0.23912326493517627,0.054240000000000024,"[{""SectionType"": ""retangular"", ""Length"": 0.3, ""Mass"": 0.010800000000000014}, {""SectionType"": ""retangular"", ""Length"": 0.39999999999999997, ""Mass"": 0.010559999999999995}, {""SectionType"": ""retangular"", ""Length"": 0.30000000000000004, ""Mass"": 0.005760000000000001}]"
0.9941239417,0.04,0.01,,1.7120000000000003e-09,0.005,0.001,5247.999334112148,2858.2320699813286,0.00034986662227414324,0.4100006883063124,0.24295474453243762,0.054240000000000024,"[{""SectionType"": ""retangular"", ""Length"": 0.3, ""Mass"": 0.010800000000000014}, {""SectionType"": ""retangular"", ""Length"": 0.39999999999999997, ""Mass"": 0.010559999999999995}, {""SectionType"": ""retangular"", ""Length"": 0.30000000000000004, ""Mass"": 0.005760000000000001}]"
0.9988222075,0.04,0.01,,1.7120000000000003e-09,0.005,0.001,265.5344626168224,56489.84260715583,1.7702297507788158e-05,0.4100007714764114,0.24488103713503886,0.054240000000000024,"[{""SectionType"": ""retangular"", ""Length"": 0.3, ""Mass"": 0.010800000000000014}, {""SectionType"": ""retangular"", ""Length"": 0.39999999999999997, ""Mass"": 0.010559999999999995}, {""SectionType"": ""retangular"", ""Length"": 0.30000000000000004, ""Mass"": 0.005760000000000001}]"
0.022360842,0.06,0.032,,6.139733333333333e-08,0.016,0.002,15942406.503648369,0.9408868100664287,0.33213346882600764,0.0,0.0,0.10528000000000003,"[{""SectionType"": ""retangular"", ""Length"": 0.3, ""Mass"": 0.021120000000000007}, {""SectionType"": ""retangular"", ""Length"": 0.39999999999999997, ""Mass"": 0.02048}, {""SectionType"": ""retangular"", ""Length"": 0.30000000000000004, ""Mass"": 0.011040000000000001}]"
0.066944665,0.06,0.032,,6.139733333333333e-08,0.016,0.002,14406100.1137943,1.0412255837120707,0.30012708570404795,0.013380812866535105,0.0005965677924377237,0.10528000000000003,"[{""SectionType"": ""retangular"", ""Length"": 0.3, ""Mass"": 0.021120000000000007}, {""SectionType"": ""retangular"", ""Length"": 0.39999999999999997, ""Mass"": 0.02048}, {""SectionType"": ""retangular"", ""Length"": 0.30000000000000004, ""Mass"": 0.011040000000000001}]"
0.111115751,0.06,0.032,,6.139733333333333e-08,0.016,0.002,12959491.912786659,1.1574527844876423,0.269989414849722,0.02530653852895185,0.0017143850821623695,0.10528000000000003,"[{""SectionType"": ""retangular"", ""Length"": 0.3, ""Mass"": 0.021120000000000007}, {""SectionType"": ""retangular"", ""Length"": 0.39999999999999997, ""Mass"": 0.02048}, {""SectionType"": ""retangular"", ""Length"": 0.30000000000000004, ""Mass"": 0.011040000000000001}]"
0.154601772,0.06,0.032,,6.139733333333333e-08,0.016,0.002,11609450.355281446,1.292050832809333,0.24186354906836344,0.03582422190287324,0.003272237948139375,0.10528000000000003,"[{""SectionType"": ""retangular"", ""Length"": 0.3, ""Mass"": 0.021120000000000007}, {""SectionType"": ""retangular"", ""Length"": 0.39999999999999997, ""Mass"": 0.02048}, {""SectionType"": ""retangular"", ""Length"": 0.30000000000000004, ""Mass"": 0.011040000000000001}]"
0.197134622,0.06,0.032,,6.139733333333333e-08,0.016,0.002,10360749.931375956,1.4477716477428704,0.21584895690366573,0.04500489320951332,0.005186424320285625,0.10528000000000003,"[{""SectionType"": ""retangular"", ""Length"": 0.3, ""Mass"": 0.021120000000000007}, {""SectionType"": ""retangular"", ""Length"": 0.39999999999999997, ""Mass"": 0.02048}, {""SectionType"": ""retangular"", ""Length"": 0.30000000000000004, ""Mass"": 0.011040000000000001}]"
0.238452071,0.06,0.032,,6.139733333333333e-08,0.016,0.002,9216137.962995136,1.6275798018897252,0.19200287422906534,0.052937962173326136,0.007373685872545955,0.10528000000000003,"[{""SectionType"": ""retangular"", ""Length"": 0.3, ""Mass"": 0.021120000000000007}, {""SectionType"": ""retangular"", ""Length"": 0.39999999999999997, ""Mass"": 0.02048}, {""SectionType"": ""retangular"", ""Length"": 0.30000000000000004, ""Mass"": 0.011040000000000001}]"
0.278299383,0.06,0.032,,6.139733333333333e-08,0.016,0.002,8176452.711952745,1.8345363849621799,0.17034276483234884,0.05972566347054337,0.009753593019263701,0.10528000000000003,"[{""SectionType"": ""retangular"", ""Length"": 0.3, ""Mass"": 0.021120000000000007}, {""SectionType"": ""retangular"", ""Length"": 0.39999999999999997, ""Mass"": 0.02048}, {""SectionType"": ""retangular"", ""Length"": 0.30000000000000004, ""Mass"": 0.011040000000000001}]"
0.316430888,0.048,0.02,,1.6981333333333334e-08,0.01,0.002,16362269.554805275,0.9167432396684112,0.5454089851601759,0.08052292891522356,0.012824053485809193,0.10528000000000003,"[{""SectionType"": ""retangular"", ""Length"": 0.3, ""Mass"": 0.021120000000000007}, {""SectionType"": ""retangular"", ""Length"": 0.39999999999999997, ""Mass"": 0.02048}, {""SectionType"": ""retangular"", ""Length"": 0.30000000000000004, ""Mass"": 0.011040000000000001}]"
0.352611491,0.048,0.02,,1.6981333333333334e-08,0.01,0.002,14477438.913316581,1.0360948569572452,0.4825812971105527,0.09798301124120551,0.016369137916271786,0.10528000000000003,"[{""SectionType"": ""retangular"", ""Length"": 0.3, ""Mass"": 0.021120000000000007}, {""SectionType"": ""retangular"", ""Length"": 0.39999999999999997, ""Mass"": 0.02048}, {""SectionType"": ""retangular"", ""Length"": 0.30000000000000004, ""Mass"": 0.011040000000000001}]"
0.386618126,0.048,0.02,,1.6981333333333334e-08,0.01,0.002,12813649.819409547,1.1706266529368288,0.4271216606469849,0.11250798165542139,0.0201951557830144,0.10528000000000003,"[{""SectionType"": ""retangular"", ""Length"": 0.3, ""Mass"": 0.021120000000000007}, {""SectionType"": ""retangular"", ""Length"": 0.39999999999999997, ""Mass"": 0.02048}, {""SectionType"": ""retangular"", ""Length"": 0.30000000000000004, ""Mass"": 0.011040000000000001}]"
0.418241133,0.048,0.02,,1.6981333333333334e-08,0.01,0.002,11360048.95571608,1.3204168448985771,0.37866829852386935,0.1244826119103198,0.024131670290832723,0.10528000000000003,"[{""SectionType"": ""retangular"", ""Length"": 0.3, ""Mass"": 0.021120000000000007}, {""SectionType"": ""retangular"", ""Length"": 0.39999999999999997, ""Mass"": 0.02048}, {""SectionType"": ""retangular"", ""Length"": 0.30000000000000004, ""Mass"": 0.011040000000000001}]"
0.447285544,0.048,0.02,,1.6981333333333334e-08,0.01,0.002,10104028.660882536,1.48455635899689,0.33680095536275123,0.1342647972830682,0.02803131224595384,0.10528000000000003,"[{""SectionType"": ""retangular"", ""Length"": 0.3, ""Mass"": 0.021120000000000007}, {""SectionType"": ""retangular"", ""Length"": 0.39999999999999997, ""Mass"": 0.02048}, {""SectionType"": ""retangular"", ""Length"": 0.30000000000000004, ""Mass"": 0.011040000000000001}]"
0.47357229,0.048,0.02,,1.6981333333333334e-08,0.01,0.002,9031852.528266331,1.660788852902059,0.30106175094221105,0.14217873106040138,0.031768728435940925,0.10528000000000003,"[{""SectionType"": ""retangular"", ""Length"": 0.3, ""Mass"": 0.021120000000000007}, {""SectionType"": ""retangular"", ""Length"": 0.39999999999999997, ""Mass"": 0.02048}, {""SectionType"": ""retangular"", ""Length"": 0.30000000000000004, ""Mass"": 0.011040000000000001}]"
0.496939306,0.048,0.02,,1.6981333333333334e-08,0.01,0.002,8129271.394079775,1.845183814495836,0.27097571313599245,0.14851062488486153,0.03523897858379549,0.10528000000000003,"[{""SectionType"": ""retangular"", ""Length"": 0.3, ""Mass"": 0.021120000000000007}, {""SectionType"": ""retangular"", ""Length"": 0.39999999999999997, ""Mass"": 0.02048}, {""SectionType"": ""retangular"", ""Length"": 0.30000000000000004, ""Mass"": 0.011040000000000001}]"
0.517242526,0.048,0.02,,1.6981333333333334e-08,0.01,0.002,7382110.8059830405,2.031939155917685,0.24607036019943465,0.15350664554346988,0.03835565777972657,0.10528000000000003,"[{""SectionType"": ""retangular"", ""Length"": 0.3, ""Mass"": 0.021120000000000007}, {""SectionType"": ""retangular"", ""Length"": 0.39999999999999997, ""Mass"": 0.02048}, {""SectionType"": ""retangular"", ""Length"": 0.30000000000000004, ""Mass"": 0.011040000000000001}]"
0.534356774,0.048,0.02,,1.6981333333333334e-08,0.01,0.002,6776813.241991205,2.2134297440949706,0.22589377473304018,0.15737264762590727,0.04104897229961297,0.10528000000000003,"[{""SectionType"": ""retangular"", ""Length"": 0.3, ""Mass"": 0.021120000000000007}, {""SectionType"": ""retangular"", ""Length"": 0.39999999999999997, ""Mass"": 0.02048}, {""SectionType"": ""retangular"", ""Length"": 0.30000000000000004, ""Mass"": 0.011040000000000001}]"
0.548176535,0.048,0.02,,1.6981333333333334e-08,0.01,0.002,6300921.558966708,2.380604148079548,0.2100307186322236,0.16027522196006283,0.043263937561322977,0.10528000000000003,"[{""SectionType"": ""retangular"", ""Length"": 0.3, ""Mass"": 0.021120000000000007}, {""SectionType"": ""retangular"", ""Length"": 0.39999999999999997, ""Mass"": 0.02048}, {""SectionType"": ""retangular"", ""Length"": 0.30000000000000004, ""Mass"": 0.011040000000000001}]"
0.558616604,0.048,0.02,,1.6981333333333334e-08,0.01,0.002,5943493.995367462,2.5237680077899385,0.19811646651224873,0.1623435715404869,0.0449588156499121,0.10528000000000003,"[{""SectionType"": ""retangular"", ""Length"": 0.3, ""Mass"": 0.021120000000000007}, {""SectionType"": ""retangular"", ""Length"": 0.39999999999999997, ""Mass"": 0.02048}, {""SectionType"": ""retangular"", ""Length"": 0.30000000000000004, ""Mass"": 0.011040000000000001}]"
0.565612617,0.048,0.02,,1.6981333333333334e-08,0.01,0.002,5695444.806454146,2.6336836734861904,0.18984816021513817,0.16367175173737808,0.04610386535279957,0.10528000000000003,"[{""SectionType"": ""retangular"", ""Length"": 0.3, ""Mass"": 0.021120000000000007}, {""SectionType"": ""retangular"", ""Length"": 0.39999999999999997, ""Mass"": 0.02048}, {""SectionType"": ""retangular"", ""Length"": 0.30000000000000004, ""Mass"": 0.011040000000000001}]"
0.56912144,0.048,0.02,,1.6981333333333334e-08,0.01,0.002,5549808.140507223,2.7027961364136597,0.1849936046835741,0.1643208615523447,0.04668043817119425,0.10528000000000003,"[{""SectionType"": ""retangular"", ""Length"": 0.3, ""Mass"": 0.021120000000000007}, {""SectionType"": ""retangular"", ""Length"": 0.39999999999999997, ""Mass"": 0.02048}, {""SectionType"": ""retangular"", ""Length"": 0.30000000000000004, ""Mass"": 0.011040000000000001}]"
0.59247362,0.048,0.02,,1.6981333333333334e-08,0.01,0.002,5501925.118954145,2.726318456847943,0.18339750396513818,0.16860359307648934,0.050617699625363194,0.10528000000000003,"[{""SectionType"": ""retangular"", ""Length"": 0.3, ""Mass"": 0.021120000000000007}, {""SectionType"": ""retangular"", ""Length"": 0.39999999999999997, ""Mass"": 0.02048}, {""SectionType"": ""retangular"", ""Length"": 0.30000000000000004, ""Mass"": 0.011040000000000001}]"
0.637174633,0.048,0.02,,1.6981333333333334e-08,0.01,0.002,4283564.237397927,3.5017567541164802,0.1427854745799309,0.174986248431898,0.05843976219133869,0.10528000000000003,"[{""SectionType"": ""retangular"", ""Length"": 0.3, ""Mass"": 0.021120000000000007}, {""SectionType"": ""retangular"", ""Length"": 0.39999999999999997, ""Mass"": 0.02048}, {""SectionType"": ""retangular"", ""Length"": 0.30000000000000004, ""Mass"": 0.011040000000000001}]"
0.681139667,0.048,0.02,,1.6981333333333334e-08,0.01,0.002,3241091.5526853018,4.628070437434029,0.10803638508951004,0.1797360717755954,0.06634186469797917,0.10528000000000003,"[{""SectionType"": ""retangular"", ""Length"": 0.3, ""Mass"": 0.021120000000000007}, {""SectionType"": ""retangular"", ""Length"": 0.39999999999999997, ""Mass"": 0.02048}, {""SectionType"": ""retangular"", ""Length"": 0.30000000000000004, ""Mass"": 0.011040000000000001}]"
0.723887032,0.04,0.01,,2.6853333333333336e-09,0.005,0.002,7507694.718843098,1.997950178015687,0.5005129812562065,0.20113168287259264,0.07493971415879816,0.10528000000000003,"[{""SectionType"": ""retangular"", ""Length"": 0.3, ""Mass"": 0.021120000000000007}, {""SectionType"": ""retangular"", ""Length"": 0.39999999999999997, ""Mass"": 0.02048}, {""SectionType"": ""retangular"", ""Length"": 0.30000000000000004, ""Mass"": 0.011040000000000001}]"
0.764948378,0.04,0.01,,2.6853333333333336e-09,0.005,0.002,5300764.4258937435,2.8297805363178163,0.35338429505958285,0.21564211768300026,0.08379426976515256,0.10528000000000003,"[{""SectionType"": ""retangular"", ""Length"": 0.3, ""Mass"": 0.021120000000000007}, {""SectionType"": ""retangular"", ""Length"": 0.39999999999999997, ""Mass"": 0.02048}, {""SectionType"": ""retangular"", ""Length"": 0.30000000000000004, ""Mass"": 0.011040000000000001}]"
0.8038738292,0.04,0.01,,2.6853333333333336e-09,0.005,0.002,3585479.7560824226,4.183540563729006,0.23903198373882817,0.2249465455012652,0.09255041554467061,0.10528000000000003,"[{""SectionType"": ""retangular"", ""Length"": 0.3, ""Mass"": 0.021120000000000007}, {""SectionType"": ""retangular"", ""Length"": 0.39999999999999997, ""Mass"": 0.02048}, {""SectionType"": ""retangular"", ""Length"": 0.30000000000000004, ""Mass"": 0.011040000000000001}]"
0.8402369096,0.04,0.01,,2.6853333333333336e-09,0.005,0.002,2305523.8313058587,6.506113619959389,0.15370158875372392,0.2305356087307246,0.1009334004200089,0.10528000000000003,"[{""SectionType"": ""retangular"", ""Length"": 0.3, ""Mass"": 0.021120000000000007}, {""SectionType"": ""retangular"", ""Length"": 0.39999999999999997, ""Mass"": 0.02048}, {""SectionType"": ""retangular"", ""Length"": 0.30000000000000004, ""Mass"": 0.011040000000000001}]"
0.8736392178,0.04,0.01,,2.6853333333333336e-09,0.005,0.002,1394788.6368545182,10.75431761032088,0.09298590912363455,0.23364155272552942,0.10873756757247358,0.10528000000000003,"[{""SectionType"": ""retangular"", ""Length"": 0.3, ""Mass"": 0.021120000000000007}, {""SectionType"": ""retangular"", ""Length"": 0.39999999999999997, ""Mass"": 0.02048}, {""SectionType"": ""retangular"", ""Length"": 0.30000000000000004, ""Mass"": 0.011040000000000001}]"
0.9037147913,0.04,0.01,,2.6853333333333336e-09,0.005,0.002,782609.6404543198,19.166643527790196,0.05217397603028798,0.23521071497641557,0.11581166471873432,0.10528000000000003,"[{""SectionType"": ""retangular"", ""Length"": 0.3, ""Mass"": 0.021120000000000007}, {""SectionType"": ""retangular"", ""Length"": 0.39999999999999997, ""Mass"": 0.02048}, {""SectionType"": ""retangular"", ""Length"": 0.30000000000000004, ""Mass"": 0.011040000000000001}]"
0.9301341156,0.04,0.01,,2.6853333333333336e-09,0.005,0.002,398940.62226911617,37.59958039540367,0.026596041484607744,0.2359133644214937,0.12204433640008985,0.10528000000000003,"[{""SectionType"": ""retangular"", ""Length"": 0.3, ""Mass"": 0.021120000000000007}, {""SectionType"": ""retangular"", ""Length"": 0.39999999999999997, ""Mass"": 0.02048}, {""SectionType"": ""retangular"", ""Length"": 0.30000000000000004, ""Mass"": 0.011040000000000001}]"
0.9526077352,0.04,0.01,,2.6853333333333336e-09,0.005,0.002,179025.88411742798,83.78676677927248,0.011935058941161866,0.23618158839604095,0.12735219157422623,0.10528000000000003,"[{""SectionType"": ""retangular"", ""Length"": 0.3, ""Mass"": 0.021120000000000007}, {""SectionType"": ""retangular"", ""Length"": 0.39999999999999997, ""Mass"": 0.02048}, {""SectionType"": ""retangular"", ""Length"": 0.30000000000000004, ""Mass"": 0.011040000000000001}]"
0.9708894244,0.04,0.01,,2.6853333333333336e-09,0.005,0.002,67150.93203202581,223.37739099207377,0.004476728802135054,0.23626343056063426,0.13167148618106153,0.10528000000000003,"[{""SectionType"": ""retangular"", ""Length"": 0.3, ""Mass"": 0.021120000000000007}, {""SectionType"": ""retangular"", ""Length"": 0.39999999999999997, ""Mass"": 0.02048}, {""SectionType"": ""retangular"", ""Length"": 0.30000000000000004, ""Mass"": 0.011040000000000001}]"
0.9847788852,0.04,0.01,,2.6853333333333336e-09,0.005,0.002,19134.62701713009,783.9191214216715,0.0012756418011420057,0.23628114853742607,0.13495330393145108,0.10528000000000003,"[{""SectionType"": ""retangular"", ""Length"": 0.3, ""Mass"": 0.021120000000000007}, {""SectionType"": ""retangular"", ""Length"": 0.39999999999999997, ""Mass"": 0.02048}, {""SectionType"": ""retangular"", ""Length"": 0.30000000000000004, ""Mass"": 0.011040000000000001}]"
0.9941239417,0.04,0.01,,2.6853333333333336e-09,0.005,0.002,3345.7950074478645,4483.239399487847,0.0002230530004965243,0.2362832329803182,0.1371613840936548,0.10528000000000003,"[{""SectionType"": ""retangular"", ""Length"": 0.3, ""Mass"": 0.021120000000000007}, {""SectionType"": ""retangular"", ""Length"": 0.39999999999999997, ""Mass"": 0.02048}, {""SectionType"": ""retangular"", ""Length"": 0.30000000000000004, ""Mass"": 0.011040000000000001}]"
0.9988222075,0.04,0.01,,2.6853333333333336e-09,0.005,0.002,169.28810824230388,88606.34190873195,1.1285873882820256e-05,0.23628328600435347,0.13827150577540068,0.10528000000000003,"[{""SectionType"": ""retangular"", ""Length"": 0.3, ""Mass"": 0.021120000000000007}, {""SectionType"": ""retangular"", ""Length"": 0.39999999999999997, ""Mass"": 0.02048}, {""SectionType"": ""retangular"", ""Length"": 0.30000000000000004, ""Mass"": 0.011040000000000001}]"
0.022360842,0.06,0.032,,8.474799999999997e-08,0.016,0.003,11549785.791287115,1.2987253851336054,0.24062053731848154,0.0,0.0,0.15311999999999998,"[{""SectionType"": ""retangular"", ""Length"": 0.3, ""Mass"": 0.030959999999999998}, {""SectionType"": ""retangular"", ""Length"": 0.39999999999999997, ""Mass"": 0.02975999999999999}, {""SectionType"": ""retangular"", ""Length"": 0.30000000000000004, ""Mass"": 0.015840000000000003}]"
0.066944665,0.06,0.032,,8.474799999999997e-08,0.016,0.003,10436778.811535379,1.437225054862815,0.21743289190698706,0.009693989567159243,0.00043219511502607435,0.15311999999999998,"[{""SectionType"": ""retangular"", ""Length"": 0.3, ""Mass"": 0.030959999999999998}, {""SectionType"": ""retangular"", ""Length"": 0.39999999999999997, ""Mass"": 0.02975999999999999}, {""SectionType"": ""retangular"", ""Length"": 0.30000000000000004, ""Mass"": 0.015840000000000003}]"
0.111115751,0.06,0.032,,8.474799999999997e-08,0.016,0.003,9388755.42549677,1.5976558468298083,0.19559907136451604,0.01833381296992142,0.0012420195444283887,0.15311999999999998,"[{""SectionType"": ""retangular"", ""Length"": 0.3, ""Mass"": 0.030959999999999998}, {""SectionType"": ""retangular"", ""Length"": 0.39999999999999997, ""Mass"": 0.02975999999999999}, {""SectionType"": ""retangular"", ""Length"": 0.30000000000000004, ""Mass"": 0.015840000000000003}]"
0.154601772,0.06,0.032,,8.474799999999997e-08,0.016,0.003,8410691.618445277,1.7834442969117874,0.17522274205094326,0.02595355281042632,0.0023706362869671967,0.15311999999999998,"[{""SectionType"": ""retangular"", ""Length"": 0.3, ""Mass"": 0.030959999999999998}, {""SectionType"": ""retangular"", ""Length"": 0.39999999999999997, ""Mass"": 0.02975999999999999}, {""SectionType"": ""retangular"", ""Length"": 0.30000000000000004, ""Mass"": 0.015840000000000003}]"
0.197134622,0.06,0.032,,8.474799999999997e-08,0.016,0.003,7506046.362392036,1.9983889355060926,0.1563759658831674,0.0326046683109402,0.00375740575353617,0.15311999999999998,"[{""SectionType"": ""retangular"", ""Length"": 0.3, ""Mass"": 0.030959999999999998}, {""SectionType"": ""retangular"", ""Length"": 0.39999999999999997, ""Mass"": 0.02975999999999999}, {""SectionType"": ""retangular"", ""Length"": 0.30000000000000004, ""Mass"": 0.015840000000000003}]"
0.238452071,0.06,0.032,,8.474799999999997e-08,0.016,0.003,6676810.008023791,2.2465818230523102,0.13910020850049565,0.03835193408154879,0.005342009834001923,0.15311999999999998,"[{""SectionType"": ""retangular"", ""Length"": 0.3, ""Mass"": 0.030959999999999998}, {""SectionType"": ""retangular"", ""Length"": 0.39999999999999997, ""Mass"": 0.02975999999999999}, {""SectionType"": ""retangular"", ""Length"": 0.30000000000000004, ""Mass"": 0.015840000000000003}]"
0.278299383,0.06,0.032,,8.474799999999997e-08,0.016,0.003,5923589.850379951,2.5322482445400687,0.12340812188291565,0.04326941601755136,0.007066179754111091,0.15311999999999998,"[{""SectionType"": ""retangular"", ""Length"": 0.3, ""Mass"": 0.030959999999999998}, {""SectionType"": ""retangular"", ""Length"": 0.39999999999999997, ""Mass"": 0.02975999999999999}, {""SectionType"": ""retangular"", ""Length"": 0.30000000000000004, ""Mass"": 0.015840000000000003}]"
0.316430888,0.048,0.02,,2.2395999999999998e-08,0.01,0.003,12406374.057867477,1.2090559199678315,0.41354580192891593,0.05903853983153283,0.009317408130889885,0.15311999999999998,"[{""SectionType"": ""retangular"", ""Length"": 0.3, ""Mass"": 0.030959999999999998}, {""SectionType"": ""retangular"", ""Length"": 0.39999999999999997, ""Mass"": 0.02975999999999999}, {""SectionType"": ""retangular"", ""Length"": 0.30000000000000004, ""Mass"": 0.015840000000000003}]"
0.352611491,0.048,0.02,,2.2395999999999998e-08,0.01,0.003,10977237.721021611,1.36646398494903,0.36590792403405376,0.07227730916556308,0.011932444759717383,0.15311999999999998,"[{""SectionType"": ""retangular"", ""Length"": 0.3, ""Mass"": 0.030959999999999998}, {""SectionType"": ""retangular"", ""Length"": 0.39999999999999997, ""Mass"": 0.02975999999999999}, {""SectionType"": ""retangular"", ""Length"": 0.30000000000000004, ""Mass"": 0.015840000000000003}]"
0.386618126,0.048,0.02,,2.2395999999999998e-08,0.01,0.003,9715701.85747455,1.5438925792540759,0.32385672858248504,0.0832905867267617,0.014764877341470214,0.15311999999999998,"[{""SectionType"": ""retangular"", ""Length"": 0.3, ""Mass"": 0.030959999999999998}, {""SectionType"": ""retangular"", ""Length"": 0.39999999999999997, ""Mass"": 0.02975999999999999}, {""SectionType"": ""retangular"", ""Length"": 0.30000000000000004, ""Mass"": 0.015840000000000003}]"
0.418241133,0.048,0.02,,2.2395999999999998e-08,0.01,0.003,8613537.149490982,1.741444860534029,0.28711790498303275,0.09237011824586548,0.017685898237350044,0.15311999999999998,"[{""SectionType"": ""retangular"", ""Length"": 0.3, ""Mass"": 0.030959999999999998}, {""SectionType"": ""retangular"", ""Length"": 0.39999999999999997, ""Mass"": 0.02975999999999999}, {""SectionType"": ""retangular"", ""Length"": 0.30000000000000004, ""Mass"": 0.015840000000000003}]"
0.447285544,0.048,0.02,,2.2395999999999998e-08,0.01,0.003,7661184.0819789255,1.9579218877254048,0.25537280273263085,0.09978727088665393,0.020584160745550355,0.15311999999999998,"[{""SectionType"": ""retangular"", ""Length"": 0.3, ""Mass"": 0.030959999999999998}, {""SectionType"": ""retangular"", ""Length"": 0.39999999999999997, ""Mass"": 0.02975999999999999}, {""SectionType"": ""retangular"", ""Length"": 0.30000000000000004, ""Mass"": 0.015840000000000003}]"
0.47357229,0.048,0.02,,2.2395999999999998e-08,0.01,0.003,6848227.290587606,2.1903478613533194,0.22827424301958688,0.10578785793125209,0.023364979296873267,0.15311999999999998,"[{""SectionType"": ""retangular"", ""Length"": 0.3, ""Mass"": 0.030959999999999998}, {""SectionType"": ""retangular"", ""Length"": 0.39999999999999997, ""Mass"": 0.02975999999999999}, {""SectionType"": ""retangular"", ""Length"": 0.30000000000000004, ""Mass"": 0.015840000000000003}]"
0.496939306,0.048,0.02,,2.2395999999999998e-08,0.01,0.003,6163862.622789785,2.4335389865017705,0.20546208742632618,0.11058889381553645,0.02594911174808321,0.15311999999999998,"[{""SectionType"": ""retangular"", ""Length"": 0.3, ""Mass"": 0.030959999999999998}, {""SectionType"": ""retangular"", ""Length"": 0.39999999999999997, ""Mass"": 0.02975999999999999}, {""SectionType"": ""retangular"", ""Length"": 0.30000000000000004, ""Mass"": 0.015840000000000003}]"
0.517242526,0.048,0.02,,2.2395999999999998e-08,0.01,0.003,5597342.574566888,2.679843122012355,0.18657808581889626,0.11437702973909637,0.02827133374582262,0.15311999999999998,"[{""SectionType"": ""retangular"", ""Length"": 0.3, ""Mass"": 0.030959999999999998}, {""SectionType"": ""retangular"", ""Length"": 0.39999999999999997, ""Mass"": 0.02975999999999999}, {""SectionType"": ""retangular"", ""Length"": 0.30000000000000004, ""Mass"": 0.015840000000000003}]"
0.534356774,0.048,0.02,,2.2395999999999998e-08,0.01,0.003,5138387.417395963,2.9192037854556543,0.17127958057986548,0.11730835095847618,0.030278977956597026,0.15311999999999998,"[{""SectionType"": ""retangular"", ""Length"": 0.3, ""Mass"": 0.030959999999999998}, {""SectionType"": ""retangular"", ""Length"": 0.39999999999999997, ""Mass"": 0.02975999999999999}, {""SectionType"": ""retangular"", ""Length"": 0.30000000000000004, ""Mass"": 0.015840000000000003}]"
0.548176535,0.048,0.02,,2.2395999999999998e-08,0.01,0.003,4777551.763707805,3.139683407293669,0.15925172545692687,0.11950917174312851,0.031930566147395006,0.15311999999999998,"[{""SectionType"": ""retangular"", ""Length"": 0.3, ""Mass"": 0.030959999999999998}, {""SectionType"": ""retangular"", ""Length"": 0.39999999999999997, ""Mass"": 0.02975999999999999}, {""SectionType"": ""retangular"", ""Length"": 0.30000000000000004, ""Mass"": 0.015840000000000003}]"
0.558616604,0.048,0.02,,2.2395999999999998e-08,0.01,0.003,4506539.234684766,3.3284964845200675,0.1502179744894922,0.12107745776183906,0.0331946231607732,0.15311999999999998,"[{""SectionType"": ""retangular"", ""Length"": 0.3, ""Mass"": 0.030959999999999998}, {""SectionType"": ""retangular"", ""Length"": 0.39999999999999997, ""Mass"": 0.02975999999999999}, {""SectionType"": ""retangular"", ""Length"": 0.30000000000000004, ""Mass"": 0.015840000000000003}]"
0.565612617,0.048,0.02,,2.2395999999999998e-08,0.01,0.003,4318460.74031077,3.473459851095127,0.14394869134369234,0.12208452467781251,0.03404872808251799,0.15311999999999998,"[{""SectionType"": ""retangular"", ""Length"": 0.3, ""Mass"": 0.030959999999999998}, {""SectionType"": ""retangular"", ""Length"": 0.39999999999999997, ""Mass"": 0.02975999999999999}, {""SectionType"": ""retangular"", ""Length"": 0.30000000000000004, ""Mass"": 0.015840000000000003}]"
0.56912144,0.048,0.02,,2.2395999999999998e-08,0.01,0.003,4208034.558403287,3.5646095087421665,0.1402678186134429,0.12257669962592319,0.03447882802542952,0.15311999999999998,"[{""SectionType"": ""retangular"", ""Length"": 0.3, ""Mass"": 0.030959999999999998}, {""SectionType"": ""retangular"", ""Length"": 0.39999999999999997, ""Mass"": 0.02975999999999999}, {""SectionType"": ""retangular"", ""Length"": 0.30000000000000004, ""Mass"": 0.015840000000000003}]"
0.59247362,0.048,0.02,,2.2395999999999998e-08,0.01,0.003,4171728.1844972316,3.5956321544970864,0.13905760614990773,0.12582399787510495,0.037417092672128595,0.15311999999999998,"[{""SectionType"": ""retangular"", ""Length"": 0.3, ""Mass"": 0.030959999999999998}, {""SectionType"": ""retangular"", ""Length"": 0.39999999999999997, ""Mass"": 0.02975999999999999}, {""SectionType"": ""retangular"", ""Length"": 0.30000000000000004, ""Mass"": 0.015840000000000003}]"
0.637174633,0.048,0.02,,2.2395999999999998e-08,0.01,0.003,3247929.637881765,4.618326648782546,0.1082643212627255,0.13066352270730622,0.04325788449929368,0.15311999999999998,"[{""SectionType"": ""retangular"", ""Length"": 0.3, ""Mass"": 0.030959999999999998}, {""SectionType"": ""retangular"", ""Length"": 0.39999999999999997, ""Mass"": 0.02975999999999999}, {""SectionType"": ""retangular"", ""Length"": 0.30000000000000004, ""Mass"": 0.015840000000000003}]"
0.681139667,0.048,0.02,,2.2395999999999998e-08,0.01,0.003,2457494.9106983393,6.103776628264712,0.08191649702327798,0.13426498428409553,0.0491608490983534,0.15311999999999998,"[{""SectionType"": ""retangular"", ""Length"": 0.3, ""Mass"": 0.030959999999999998}, {""SectionType"": ""retangular"", ""Length"": 0.39999999999999997, ""Mass"": 0.02975999999999999}, {""SectionType"": ""retangular"", ""Length"": 0.30000000000000004, ""Mass"": 0.015840000000000003}]"
0.723887032,0.04,0.01,,3.1520000000000003e-09,0.005,0.003,6396149.392449238,2.345160983529833,0.4264099594966158,0.1524928864623326,0.05567951817586231,0.15311999999999998,"[{""SectionType"": ""retangular"", ""Length"": 0.3, ""Mass"": 0.030959999999999998}, {""SectionType"": ""retangular"", ""Length"": 0.39999999999999997, ""Mass"": 0.02975999999999999}, {""SectionType"": ""retangular"", ""Length"": 0.30000000000000004, ""Mass"": 0.015840000000000003}]"
0.764948378,0.04,0.01,,3.1520000000000003e-09,0.005,0.003,4515964.278236041,3.3215497457077046,0.30106428521573597,0.16485499124581862,0.06244868601123384,0.15311999999999998,"[{""SectionType"": ""retangular"", ""Length"": 0.3, ""Mass"": 0.030959999999999998}, {""SectionType"": ""retangular"", ""Length"": 0.39999999999999997, ""Mass"": 0.02975999999999999}, {""SectionType"": ""retangular"", ""Length"": 0.30000000000000004, ""Mass"": 0.015840000000000003}]"
0.8038738292,0.04,0.01,,3.1520000000000003e-09,0.005,0.003,3054634.6145304567,4.910570949679927,0.20364230763536376,0.17278185995393433,0.06917429786911593,0.15311999999999998,"[{""SectionType"": ""retangular"", ""Length"": 0.3, ""Mass"": 0.030959999999999998}, {""SectionType"": ""retangular"", ""Length"": 0.39999999999999997, ""Mass"": 0.02975999999999999}, {""SectionType"": ""retangular"", ""Length"": 0.30000000000000004, ""Mass"": 0.015840000000000003}]"
0.8402369096,0.04,0.01,,3.1520000000000003e-09,0.005,0.003,1964181.4704949236,7.636768916377356,0.13094543136632825,0.1775434392027208,0.07563032422333699,0.15311999999999998,"[{""SectionType"": ""retangular"", ""Length"": 0.3, ""Mass"": 0.030959999999999998}, {""SectionType"": ""retangular"", ""Length"": 0.39999999999999997, ""Mass"": 0.02975999999999999}, {""SectionType"": ""retangular"", ""Length"": 0.30000000000000004, ""Mass"": 0.015840000000000003}]"
0.8736392178,0.04,0.01,,3.1520000000000003e-09,0.005,0.003,1188284.3970494922,12.62324073028727,0.07921895980329949,0.18018953531335402,0.08164907061628843,0.15311999999999998,"[{""SectionType"": ""retangular"", ""Length"": 0.3, ""Mass"": 0.030959999999999998}, {""SectionType"": ""retangular"", ""Length"": 0.39999999999999997, ""Mass"": 0.02975999999999999}, {""SectionType"": ""retangular"", ""Length"": 0.30000000000000004, ""Mass"": 0.015840000000000003}]"
0.9037147913,0.04,0.01,,3.1520000000000003e-09,0.005,0.003,666741.0388642132,22.497490218319776,0.04444940259094754,0.18152637658800916,0.08710858049754977,0.15311999999999998,"[{""SectionType"": ""retangular"", ""Length"": 0.3, ""Mass"": 0.030959999999999998}, {""SectionType"": ""retangular"", ""Length"": 0.39999999999999997, ""Mass"": 0.02975999999999999}, {""SectionType"": ""retangular"", ""Length"": 0.30000000000000004, ""Mass"": 0.015840000000000003}]"
0.9301341156,0.04,0.01,,3.1520000000000003e-09,0.005,0.003,339875.8093274112,44.1337676537906,0.022658387288494074,0.1821249958698989,0.0919201998265728,0.15311999999999998,"[{""SectionType"": ""retangular"", ""Length"": 0.3, ""Mass"": 0.030959999999999998}, {""SectionType"": ""retangular"", ""Length"": 0.39999999999999997, ""Mass"": 0.02975999999999999}, {""SectionType"": ""retangular"", ""Length"": 0.30000000000000004, ""Mass"": 0.015840000000000003}]"
0.9526077352,0.04,0.01,,3.1520000000000003e-09,0.005,0.003,152520.35981916243,98.34752565352538,0.01016802398794416,0.18235350817308763,0.09601834320198026,0.15311999999999998,"[{""SectionType"": ""retangular"", ""Length"": 0.3, ""Mass"": 0.030959999999999998}, {""SectionType"": ""retangular"", ""Length"": 0.39999999999999997, ""Mass"": 0.02975999999999999}, {""SectionType"": ""retangular"", ""Length"": 0.30000000000000004, ""Mass"": 0.015840000000000003}]"
0.9708894244,0.04,0.01,,3.1520000000000003e-09,0.005,0.003,57208.95816941623,262.1966992578264,0.003813930544627749,0.1824232332659349,0.09935334805540719,0.15311999999999998,"[{""SectionType"": ""retangular"", ""Length"": 0.3, ""Mass"": 0.030959999999999998}, {""SectionType"": ""retangular"", ""Length"": 0.39999999999999997, ""Mass"": 0.02975999999999999}, {""SectionType"": ""retangular"", ""Length"": 0.30000000000000004, ""Mass"": 0.015840000000000003}]"
0.9847788852,0.04,0.01,,3.1520000000000003e-09,0.005,0.003,16301.6661643401,920.1513421255371,0.00108677774428934,0.1824383280228125,0.10188731806089758,0.15311999999999998,"[{""SectionType"": ""retangular"", ""Length"": 0.3, ""Mass"": 0.030959999999999998}, {""SectionType"": ""retangular"", ""Length"": 0.39999999999999997, ""Mass"": 0.02975999999999999}, {""SectionType"": ""retangular"", ""Length"": 0.30000000000000004, ""Mass"": 0.015840000000000003}]"
0.9941239417,0.04,0.01,,3.1520000000000003e-09,0.005,0.003,2850.436186548223,5262.352502675903,0.00019002907910321487,0.18244010385529338,0.10359223113929115,0.15311999999999998,"[{""SectionType"": ""retangular"", ""Length"": 0.3, ""Mass"": 0.030959999999999998}, {""SectionType"": ""retangular"", ""Length"": 0.39999999999999997, ""Mass"": 0.02975999999999999}, {""SectionType"": ""retangular"", ""Length"": 0.30000000000000004, ""Mass"": 0.015840000000000003}]"
0.9988222075,0.04,0.01,,3.1520000000000003e-09,0.005,0.003,144.22430203045684,104004.66349167941,9.614953468697123e-06,0.18244014902890043,0.10444938345202054,0.15311999999999998,"[{""SectionType"": ""retangular"", ""Length"": 0.3, ""Mass"": 0.030959999999999998}, {""SectionType"": ""retangular"", ""Length"": 0.39999999999999997, ""Mass"": 0.02975999999999999}, {""SectionType"": ""retangular"", ""Length"": 0.30000000000000004, ""Mass"": 0.015840000000000003}]"
0.022360842,0.06,0.032,,1.03936e-07,0.016,0.004,9417538.160406405,1.592772946019333,0.19619871167513342,0.0,0.0,0.19776,"[{""SectionType"": ""retangular"", ""Length"": 0.3, ""Mass"": 0.04032}, {""SectionType"": ""retangular"", ""Length"": 0.39999999999999997, ""Mass"": 0.0384}, {""SectionType"": ""retangular"", ""Length"": 0.30000000000000004, ""Mass"": 0.020160000000000004}]"
0.066944665,0.06,0.032,,1.03936e-07,0.016,0.004,8510007.415332513,1.7626306615167506,0.17729182115276068,0.007904347173622338,0.0003524060153193286,0.19776,"[{""SectionType"": ""retangular"", ""Length"": 0.3, ""Mass"": 0.04032}, {""SectionType"": ""retangular"", ""Length"": 0.39999999999999997, ""Mass"": 0.0384}, {""SectionType"": ""retangular"", ""Length"": 0.30000000000000004, ""Mass"": 0.020160000000000004}]"
0.111115751,0.06,0.032,,1.03936e-07,0.016,0.004,7655463.4082512325,1.9593849777706023,0.159488821005234,0.014949141602283136,0.0010127258346599548,0.19776,"[{""SectionType"": ""retangular"", ""Length"": 0.3, ""Mass"": 0.04032}, {""SectionType"": ""retangular"", ""Length"": 0.39999999999999997, ""Mass"": 0.0384}, {""SectionType"": ""retangular"", ""Length"": 0.30000000000000004, ""Mass"": 0.020160000000000004}]"
0.154601772,0.06,0.032,,1.03936e-07,0.016,0.004,6857963.489839902,2.1872382409475573,0.14287423937166463,0.02116217377595837,0.0019329845678869298,0.19776,"[{""SectionType"": ""retangular"", ""Length"": 0.3, ""Mass"": 0.04032}, {""SectionType"": ""retangular"", ""Length"": 0.39999999999999997, ""Mass"": 0.0384}, {""SectionType"": ""retangular"", ""Length"": 0.30000000000000004, ""Mass"": 0.020160000000000004}]"
0.197134622,0.06,0.032,,1.03936e-07,0.016,0.004,6120328.058805419,2.4508490159149634,0.12750683455844622,0.02658540284420758,0.0030637375192491844,0.19776,"[{""SectionType"": ""retangular"", ""Length"": 0.3, ""Mass"": 0.04032}, {""SectionType"": ""retangular"", ""Length"": 0.39999999999999997, ""Mass"": 0.0384}, {""SectionType"": ""retangular"", ""Length"": 0.30000000000000004, ""Mass"": 0.020160000000000004}]"
0.238452071,0.06,0.032,,1.03936e-07,0.016,0.004,5444180.020012315,2.7552358564304176,0.11342041708358991,0.03127164514261753,0.004355802122575381,0.19776,"[{""SectionType"": ""retangular"", ""Length"": 0.3, ""Mass"": 0.04032}, {""SectionType"": ""retangular"", ""Length"": 0.39999999999999997, ""Mass"": 0.0384}, {""SectionType"": ""retangular"", ""Length"": 0.30000000000000004, ""Mass"": 0.020160000000000004}]"
0.278299383,0.06,0.032,,1.03936e-07,0.016,0.004,4830014.553571428,3.105580704494698,0.10062530319940476,0.03528129299429881,0.005761666812282621,0.19776,"[{""SectionType"": ""retangular"", ""Length"": 0.3, ""Mass"": 0.04032}, {""SectionType"": ""retangular"", ""Length"": 0.39999999999999997, ""Mass"": 0.0384}, {""SectionType"": ""retangular"", ""Length"": 0.30000000000000004, ""Mass"": 0.020160000000000004}]"
0.316430888,0.048,0.02,,2.6240000000000002e-08,0.01,0.004,10588915.907012194,1.416575609035359,0.3529638635670731,0.04874033632272598,0.007620209190474328,0.19776,"[{""SectionType"": ""retangular"", ""Length"": 0.3, ""Mass"": 0.04032}, {""SectionType"": ""retangular"", ""Length"": 0.39999999999999997, ""Mass"": 0.0384}, {""SectionType"": ""retangular"", ""Length"": 0.30000000000000004, ""Mass"": 0.020160000000000004}]"
0.352611491,0.048,0.02,,2.6240000000000002e-08,0.01,0.004,9369139.329268292,1.6010008468057937,0.312304644308943,0.06003970667352405,0.009792481981865551,0.19776,"[{""SectionType"": ""retangular"", ""Length"": 0.3, ""Mass"": 0.04032}, {""SectionType"": ""retangular"", ""Length"": 0.39999999999999997, ""Mass"": 0.0384}, {""SectionType"": ""retangular"", ""Length"": 0.30000000000000004, ""Mass"": 0.020160000000000004}]"
0.386618126,0.048,0.02,,2.6240000000000002e-08,0.01,0.004,8292410.777439024,1.8088828933571601,0.2764136925813008,0.06943960622613855,0.012153889325341572,0.19776,"[{""SectionType"": ""retangular"", ""Length"": 0.3, ""Mass"": 0.04032}, {""SectionType"": ""retangular"", ""Length"": 0.39999999999999997, ""Mass"": 0.0384}, {""SectionType"": ""retangular"", ""Length"": 0.30000000000000004, ""Mass"": 0.020160000000000004}]"
0.418241133,0.048,0.02,,2.6240000000000002e-08,0.01,0.004,7351706.478658536,2.0403426120920223,0.2450568826219512,0.07718904174069069,0.014594838932630725,0.19776,"[{""SectionType"": ""retangular"", ""Length"": 0.3, ""Mass"": 0.04032}, {""SectionType"": ""retangular"", ""Length"": 0.39999999999999997, ""Mass"": 0.0384}, {""SectionType"": ""retangular"", ""Length"": 0.30000000000000004, ""Mass"": 0.020160000000000004}]"
0.447285544,0.048,0.02,,2.6240000000000002e-08,0.01,0.004,6538867.328506097,2.2939752783494654,0.21796224428353655,0.08351962674614412,0.017020617298412328,0.19776,"[{""SectionType"": ""retangular"", ""Length"": 0.3, ""Mass"": 0.04032}, {""SectionType"": ""retangular"", ""Length"": 0.39999999999999997, ""Mass"": 0.0384}, {""SectionType"": ""retangular"", ""Length"": 0.30000000000000004, ""Mass"": 0.020160000000000004}]"
0.47357229,0.048,0.02,,2.6240000000000002e-08,0.01,0.004,5845003.75,2.5662943330019248,0.1948334583333333,0.08864116437765404,0.01935070507155197,0.19776,"[{""SectionType"": ""retangular"", ""Length"": 0.3, ""Mass"": 0.04032}, {""SectionType"": ""retangular"", ""Length"": 0.39999999999999997, ""Mass"": 0.0384}, {""SectionType"": ""retangular"", ""Length"": 0.30000000000000004, ""Mass"": 0.020160000000000004}]"
0.496939306,0.048,0.02,,2.6240000000000002e-08,0.01,0.004,5260894.333079268,2.8512262460174354,0.1753631444359756,0.0927388777794998,0.021517735912447586,0.19776,"[{""SectionType"": ""retangular"", ""Length"": 0.3, ""Mass"": 0.04032}, {""SectionType"": ""retangular"", ""Length"": 0.39999999999999997, ""Mass"": 0.0384}, {""SectionType"": ""retangular"", ""Length"": 0.30000000000000004, ""Mass"": 0.020160000000000004}]"
0.517242526,0.048,0.02,,2.6240000000000002e-08,0.01,0.004,4777366.017530488,3.139805479621548,0.1592455339176829,0.09597207488864797,0.023466278062768277,0.19776,"[{""SectionType"": ""retangular"", ""Length"": 0.3, ""Mass"": 0.04032}, {""SectionType"": ""retangular"", ""Length"": 0.39999999999999997, ""Mass"": 0.0384}, {""SectionType"": ""retangular"", ""Length"": 0.30000000000000004, ""Mass"": 0.020160000000000004}]"
0.534356774,0.048,0.02,,2.6240000000000002e-08,0.01,0.004,4385644.992378048,3.420249478940721,0.1461881664126016,0.09847397542329851,0.02515158609970852,0.19776,"[{""SectionType"": ""retangular"", ""Length"": 0.3, ""Mass"": 0.04032}, {""SectionType"": ""retangular"", ""Length"": 0.39999999999999997, ""Mass"": 0.0384}, {""SectionType"": ""retangular"", ""Length"": 0.30000000000000004, ""Mass"": 0.020160000000000004}]"
0.548176535,0.048,0.02,,2.6240000000000002e-08,0.01,0.004,4077669.5617378047,3.6785717363540757,0.13592231872459348,0.10035238938263821,0.02653843213675551,0.19776,"[{""SectionType"": ""retangular"", ""Length"": 0.3, ""Mass"": 0.04032}, {""SectionType"": ""retangular"", ""Length"": 0.39999999999999997, ""Mass"": 0.0384}, {""SectionType"": ""retangular"", ""Length"": 0.30000000000000004, ""Mass"": 0.020160000000000004}]"
0.558616604,0.048,0.02,,2.6240000000000002e-08,0.01,0.004,3846358.715701219,3.899792273343749,0.12821195719004064,0.1016909310623273,0.027600092473720455,0.19776,"[{""SectionType"": ""retangular"", ""Length"": 0.3, ""Mass"": 0.04032}, {""SectionType"": ""retangular"", ""Length"": 0.39999999999999997, ""Mass"": 0.0384}, {""SectionType"": ""retangular"", ""Length"": 0.30000000000000004, ""Mass"": 0.020160000000000004}]"
0.565612617,0.048,0.02,,2.6240000000000002e-08,0.01,0.004,3685832.573932927,4.069636832145746,0.12286108579776421,0.10255046881576256,0.02831753688671162,0.19776,"[{""SectionType"": ""retangular"", ""Length"": 0.3, ""Mass"": 0.04032}, {""SectionType"": ""retangular"", ""Length"": 0.39999999999999997, ""Mass"": 0.0384}, {""SectionType"": ""retangular"", ""Length"": 0.30000000000000004, ""Mass"": 0.020160000000000004}]"
0.56912144,0.048,0.02,,2.6240000000000002e-08,0.01,0.004,3591583.1543445117,4.176431215815078,0.11971943847815038,0.10297054313504178,0.02867884229678635,0.19776,"[{""SectionType"": ""retangular"", ""Length"": 0.3, ""Mass"": 0.04032}, {""SectionType"": ""retangular"", ""Length"": 0.39999999999999997, ""Mass"": 0.0384}, {""SectionType"": ""retangular"", ""Length"": 0.30000000000000004, ""Mass"": 0.020160000000000004}]"
0.59247362,0.048,0.02,,2.6240000000000002e-08,0.01,0.004,3560595.4428353654,4.212778520003731,0.11868651476117884,0.10574213199131749,0.031148151596631358,0.19776,"[{""SectionType"": ""retangular"", ""Length"": 0.3, ""Mass"": 0.04032}, {""SectionType"": ""retangular"", ""Length"": 0.39999999999999997, ""Mass"": 0.0384}, {""SectionType"": ""retangular"", ""Length"": 0.30000000000000004, ""Mass"": 0.020160000000000004}]"
0.637174633,0.048,0.02,,2.6240000000000002e-08,0.01,0.004,2772127.750381097,5.41100603965235,0.09240425834603658,0.10987269594489903,0.036059572406409335,0.19776,"[{""SectionType"": ""retangular"", ""Length"": 0.3, ""Mass"": 0.04032}, {""SectionType"": ""retangular"", ""Length"": 0.39999999999999997, ""Mass"": 0.0384}, {""SectionType"": ""retangular"", ""Length"": 0.30000000000000004, ""Mass"": 0.020160000000000004}]"
0.681139667,0.048,0.02,,2.6240000000000002e-08,0.01,0.004,2097486.8910060977,7.151415374426954,0.06991622970020324,0.11294656536082028,0.041025271992681016,0.19776,"[{""SectionType"": ""retangular"", ""Length"": 0.3, ""Mass"": 0.04032}, {""SectionType"": ""retangular"", ""Length"": 0.39999999999999997, ""Mass"": 0.0384}, {""SectionType"": ""retangular"", ""Length"": 0.30000000000000004, ""Mass"": 0.020160000000000004}]"
0.723887032,0.04,0.01,,3.3120000000000006e-09,0.005,0.004,6087156.668176328,2.4642046882775404,0.40581044454508847,0.13029389255460147,0.04659499257498336,0.19776,"[{""SectionType"": ""retangular"", ""Length"": 0.3, ""Mass"": 0.04032}, {""SectionType"": ""retangular"", ""Length"": 0.39999999999999997, ""Mass"": 0.0384}, {""SectionType"": ""retangular"", ""Length"": 0.30000000000000004, ""Mass"": 0.020160000000000004}]"
0.764948378,0.04,0.01,,3.3120000000000006e-09,0.005,0.004,4297801.752717391,3.4901563317842386,0.286520116847826,0.1420587942084505,0.05242811787631935,0.19776,"[{""SectionType"": ""retangular"", ""Length"": 0.3, ""Mass"": 0.04032}, {""SectionType"": ""retangular"", ""Length"": 0.39999999999999997, ""Mass"": 0.0384}, {""SectionType"": ""retangular"", ""Length"": 0.30000000000000004, ""Mass"": 0.020160000000000004}]"
0.8038738292,0.04,0.01,,3.3120000000000006e-09,0.005,0.004,2907067.724939613,5.1598385105773845,0.1938045149959742,0.14960272239926595,0.058251471346459104,0.19776,"[{""SectionType"": ""retangular"", ""Length"": 0.3, ""Mass"": 0.04032}, {""SectionType"": ""retangular"", ""Length"": 0.39999999999999997, ""Mass"": 0.0384}, {""SectionType"": ""retangular"", ""Length"": 0.30000000000000004, ""Mass"": 0.020160000000000004}]"
0.8402369096,0.04,0.01,,3.3120000000000006e-09,0.005,0.004,1869293.4767512074,8.024422160863518,0.12461956511674716,0.15413427366501925,0.0638562683321358,0.19776,"[{""SectionType"": ""retangular"", ""Length"": 0.3, ""Mass"": 0.04032}, {""SectionType"": ""retangular"", ""Length"": 0.39999999999999997, ""Mass"": 0.0384}, {""SectionType"": ""retangular"", ""Length"": 0.30000000000000004, ""Mass"": 0.020160000000000004}]"
0.8736392178,0.04,0.01,,3.3120000000000006e-09,0.005,0.004,1130879.3537137678,13.264014371418604,0.0753919569142512,0.1566525390456702,0.06908882472165181,0.19776,"[{""SectionType"": ""retangular"", ""Length"": 0.3, ""Mass"": 0.04032}, {""SectionType"": ""retangular"", ""Length"": 0.39999999999999997, ""Mass"": 0.0384}, {""SectionType"": ""retangular"", ""Length"": 0.30000000000000004, ""Mass"": 0.020160000000000004}]"
0.9037147913,0.04,0.01,,3.3120000000000006e-09,0.005,0.004,634531.3268417874,23.639494797929913,0.04230208845611916,0.1579247986162357,0.07383850360990711,0.19776,"[{""SectionType"": ""retangular"", ""Length"": 0.3, ""Mass"": 0.04032}, {""SectionType"": ""retangular"", ""Length"": 0.39999999999999997, ""Mass"": 0.0384}, {""SectionType"": ""retangular"", ""Length"": 0.30000000000000004, ""Mass"": 0.020160000000000004}]"
0.9301341156,0.04,0.01,,3.3120000000000006e-09,0.005,0.004,323456.6881038647,46.374060428094694,0.021563779206924313,0.15849449909223703,0.07802582118119099,0.19776,"[{""SectionType"": ""retangular"", ""Length"": 0.3, ""Mass"": 0.04032}, {""SectionType"": ""retangular"", ""Length"": 0.39999999999999997, ""Mass"": 0.0384}, {""SectionType"": ""retangular"", ""Length"": 0.30000000000000004, ""Mass"": 0.020160000000000004}]"
0.9526077352,0.04,0.01,,3.3120000000000006e-09,0.005,0.004,145152.2264945652,103.33978583898354,0.00967681509963768,0.15871197215372582,0.0815926536693396,0.19776,"[{""SectionType"": ""retangular"", ""Length"": 0.3, ""Mass"": 0.04032}, {""SectionType"": ""retangular"", ""Length"": 0.39999999999999997, ""Mass"": 0.0384}, {""SectionType"": ""retangular"", ""Length"": 0.30000000000000004, ""Mass"": 0.020160000000000004}]"
0.9708894244,0.04,0.01,,3.3120000000000006e-09,0.005,0.004,54445.2403834541,275.50617637751304,0.0036296826922302726,0.15877832888459978,0.08449538972970325,0.19776,"[{""SectionType"": ""retangular"", ""Length"": 0.3, ""Mass"": 0.04032}, {""SectionType"": ""retangular"", ""Length"": 0.39999999999999997, ""Mass"": 0.0384}, {""SectionType"": ""retangular"", ""Length"": 0.30000000000000004, ""Mass"": 0.020160000000000004}]"
0.9847788852,0.04,0.01,,3.3120000000000006e-09,0.005,0.004,15514.146059782606,966.8595320811482,0.0010342764039855071,0.1587926944261693,0.0867009346342619,0.19776,"[{""SectionType"": ""retangular"", ""Length"": 0.3, ""Mass"": 0.04032}, {""SectionType"": ""retangular"", ""Length"": 0.39999999999999997, ""Mass"": 0.0384}, {""SectionType"": ""retangular"", ""Length"": 0.30000000000000004, ""Mass"": 0.020160000000000004}]"
0.9941239417,0.04,0.01,,3.3120000000000006e-09,0.005,0.004,2712.733955314009,5529.476995197523,0.00018084893035426729,0.15879438446964142,0.08818487712901342,0.19776,"[{""SectionType"": ""retangular"", ""Length"": 0.3, ""Mass"": 0.04032}, {""SectionType"": ""retangular"", ""Length"": 0.39999999999999997, ""Mass"": 0.0384}, {""SectionType"": ""retangular"", ""Length"": 0.30000000000000004, ""Mass"": 0.020160000000000004}]"
0.9988222075,0.04,0.01,,3.3120000000000006e-09,0.005,0.004,137.25694444444443,109284.08803440427,9.150462962962961e-06,0.1587944274609486,0.08893093555678377,0.19776,"[{""SectionType"": ""retangular"", ""Length"": 0.3, ""Mass"": 0.04032}, {""SectionType"": ""retangular"", ""Length"": 0.39999999999999997, ""Mass"": 0.0384}, {""SectionType"": ""retangular"", ""Length"": 0.30000000000000004, ""Mass"": 0.020160000000000004}]"
0.022360842,0.06,0.032,,1.1947333333333334e-07,0.016,0.005,8192801.011997099,1.8308756648714894,0.17068335441660623,0.0,0.0,0.23920000000000005,"[{""SectionType"": ""retangular"", ""Length"": 0.3, ""Mass"": 0.049200000000000015}, {""SectionType"": ""retangular"", ""Length"": 0.39999999999999997, ""Mass"": 0.0464}, {""SectionType"": ""retangular"", ""Length"": 0.30000000000000004, ""Mass"": 0.024000000000000007}]"
0.066944665,0.06,0.032,,1.1947333333333334e-07,0.016,0.005,7403293.321131633,2.0261253133365207,0.1542352775235757,0.006876398313466977,0.0003065761252851102,0.23920000000000005,"[{""SectionType"": ""retangular"", ""Length"": 0.3, ""Mass"": 0.049200000000000015}, {""SectionType"": ""retangular"", ""Length"": 0.39999999999999997, ""Mass"": 0.0464}, {""SectionType"": ""retangular"", ""Length"": 0.30000000000000004, ""Mass"": 0.024000000000000007}]"
0.111115751,0.06,0.032,,1.1947333333333334e-07,0.016,0.005,6659881.520004464,2.2522923200576614,0.13874753166675965,0.01300502746700714,0.0008810223119626447,0.23920000000000005,"[{""SectionType"": ""retangular"", ""Length"": 0.3, ""Mass"": 0.049200000000000015}, {""SectionType"": ""retangular"", ""Length"": 0.39999999999999997, ""Mass"": 0.0464}, {""SectionType"": ""retangular"", ""Length"": 0.30000000000000004, ""Mass"": 0.024000000000000007}]"
0.154601772,0.06,0.032,,1.1947333333333334e-07,0.016,0.005,5966095.306735115,2.5142072375321467,0.12429365222364823,0.018410063837771405,0.0016816027346233126,0.23920000000000005,"[{""SectionType"": ""retangular"", ""Length"": 0.3, ""Mass"": 0.049200000000000015}, {""SectionType"": ""retangular"", ""Length"": 0.39999999999999997, ""Mass"": 0.0464}, {""SectionType"": ""retangular"", ""Length"": 0.30000000000000004, ""Mass"": 0.024000000000000007}]"
0.197134622,0.06,0.032,,1.1947333333333334e-07,0.016,0.005,5324388.291278388,2.817225036831131,0.11092475606829975,0.023128009848910988,0.0026653029083255663,0.23920000000000005,"[{""SectionType"": ""retangular"", ""Length"": 0.3, ""Mass"": 0.049200000000000015}, {""SectionType"": ""retangular"", ""Length"": 0.39999999999999997, ""Mass"": 0.0464}, {""SectionType"": ""retangular"", ""Length"": 0.30000000000000004, ""Mass"": 0.024000000000000007}]"
0.238452071,0.06,0.032,,1.1947333333333334e-07,0.016,0.005,4736172.322080241,3.16711449244981,0.09867025671000502,0.027204813148343526,0.0037893363881367787,0.23920000000000005,"[{""SectionType"": ""retangular"", ""Length"": 0.3, ""Mass"": 0.049200000000000015}, {""SectionType"": ""retangular"", ""Length"": 0.39999999999999997, ""Mass"": 0.0464}, {""SectionType"": ""retangular"", ""Length"": 0.30000000000000004, ""Mass"": 0.024000000000000007}]"
0.278299383,0.06,0.032,,1.1947333333333334e-07,0.016,0.005,4201878.18179789,3.5698321919418032,0.08753912878745605,0.030693012125345472,0.005012370418515204,0.23920000000000005,"[{""SectionType"": ""retangular"", ""Length"": 0.3, ""Mass"": 0.049200000000000015}, {""SectionType"": ""retangular"", ""Length"": 0.39999999999999997, ""Mass"": 0.0464}, {""SectionType"": ""retangular"", ""Length"": 0.30000000000000004, ""Mass"": 0.024000000000000007}]"
0.316430888,0.048,0.02,,2.8833333333333333e-08,0.01,0.005,9636525.551445087,1.5565776191763026,0.3212175183815029,0.042941519533597344,0.006649795185318169,0.23920000000000005,"[{""SectionType"": ""retangular"", ""Length"": 0.3, ""Mass"": 0.049200000000000015}, {""SectionType"": ""retangular"", ""Length"": 0.39999999999999997, ""Mass"": 0.0464}, {""SectionType"": ""retangular"", ""Length"": 0.30000000000000004, ""Mass"": 0.024000000000000007}]"
0.352611491,0.048,0.02,,2.8833333333333333e-08,0.01,0.005,8526458.358381502,1.7592298430983377,0.2842152786127167,0.053224599695618435,0.008575493296739258,0.23920000000000005,"[{""SectionType"": ""retangular"", ""Length"": 0.3, ""Mass"": 0.049200000000000015}, {""SectionType"": ""retangular"", ""Length"": 0.39999999999999997, ""Mass"": 0.0464}, {""SectionType"": ""retangular"", ""Length"": 0.30000000000000004, ""Mass"": 0.024000000000000007}]"
0.386618126,0.048,0.02,,2.8833333333333333e-08,0.01,0.005,7546573.137572255,1.9876571427260459,0.25155243791907517,0.061779051635292584,0.010676390956346806,0.23920000000000005,"[{""SectionType"": ""retangular"", ""Length"": 0.3, ""Mass"": 0.049200000000000015}, {""SectionType"": ""retangular"", ""Length"": 0.39999999999999997, ""Mass"": 0.0464}, {""SectionType"": ""retangular"", ""Length"": 0.30000000000000004, ""Mass"": 0.024000000000000007}]"
0.418241133,0.048,0.02,,2.8833333333333333e-08,0.01,0.005,6690477.849710982,2.2419923265492874,0.22301592832369943,0.06883148589778443,0.012853049516712843,0.23920000000000005,"[{""SectionType"": ""retangular"", ""Length"": 0.3, ""Mass"": 0.049200000000000015}, {""SectionType"": ""retangular"", ""Length"": 0.39999999999999997, ""Mass"": 0.0464}, {""SectionType"": ""retangular"", ""Length"": 0.30000000000000004, ""Mass"": 0.024000000000000007}]"
0.447285544,0.048,0.02,,2.8833333333333333e-08,0.01,0.005,5950747.238150288,2.5206918391416258,0.19835824127167628,0.07459268418251616,0.015019550093703041,0.23920000000000005,"[{""SectionType"": ""retangular"", ""Length"": 0.3, ""Mass"": 0.049200000000000015}, {""SectionType"": ""retangular"", ""Length"": 0.39999999999999997, ""Mass"": 0.0464}, {""SectionType"": ""retangular"", ""Length"": 0.30000000000000004, ""Mass"": 0.024000000000000007}]"
0.47357229,0.048,0.02,,2.8833333333333333e-08,0.01,0.005,5319291.27398844,2.819924540201556,0.17730970913294797,0.07925357946982785,0.017102868806817224,0.23920000000000005,"[{""SectionType"": ""retangular"", ""Length"": 0.3, ""Mass"": 0.049200000000000015}, {""SectionType"": ""retangular"", ""Length"": 0.39999999999999997, ""Mass"": 0.0464}, {""SectionType"": ""retangular"", ""Length"": 0.30000000000000004, ""Mass"": 0.024000000000000007}]"
0.496939306,0.048,0.02,,2.8833333333333333e-08,0.01,0.005,4787717.941040463,3.133016644823528,0.1595905980346821,0.08298273552755384,0.019041927715613347,0.23920000000000005,"[{""SectionType"": ""retangular"", ""Length"": 0.3, ""Mass"": 0.049200000000000015}, {""SectionType"": ""retangular"", ""Length"": 0.39999999999999997, ""Mass"": 0.0464}, {""SectionType"": ""retangular"", ""Length"": 0.30000000000000004, ""Mass"": 0.024000000000000007}]"
0.517242526,0.048,0.02,,2.8833333333333333e-08,0.01,0.005,4347679.224277457,3.4501165394723565,0.14492264080924855,0.08592513178688498,0.020786484569811463,0.23920000000000005,"[{""SectionType"": ""retangular"", ""Length"": 0.3, ""Mass"": 0.049200000000000015}, {""SectionType"": ""retangular"", ""Length"": 0.39999999999999997, ""Mass"": 0.0464}, {""SectionType"": ""retangular"", ""Length"": 0.30000000000000004, ""Mass"": 0.024000000000000007}]"
0.534356774,0.048,0.02,,2.8833333333333333e-08,0.01,0.005,3991190.448554913,3.758277184049445,0.1330396816184971,0.08820200589194499,0.022295995572743674,0.23920000000000005,"[{""SectionType"": ""retangular"", ""Length"": 0.3, ""Mass"": 0.049200000000000015}, {""SectionType"": ""retangular"", ""Length"": 0.39999999999999997, ""Mass"": 0.0464}, {""SectionType"": ""retangular"", ""Length"": 0.30000000000000004, ""Mass"": 0.024000000000000007}]"
0.548176535,0.048,0.02,,2.8833333333333333e-08,0.01,0.005,3710915.004624278,4.042129766191914,0.12369716682080927,0.0899114711737857,0.023538550615523776,0.23920000000000005,"[{""SectionType"": ""retangular"", ""Length"": 0.3, ""Mass"": 0.049200000000000015}, {""SectionType"": ""retangular"", ""Length"": 0.39999999999999997, ""Mass"": 0.0464}, {""SectionType"": ""retangular"", ""Length"": 0.30000000000000004, ""Mass"": 0.024000000000000007}]"
0.558616604,0.048,0.02,,2.8833333333333333e-08,0.01,0.005,3500408.76416185,4.285213816618829,0.11668029213872833,0.09112962147465418,0.024489950151663054,0.23920000000000005,"[{""SectionType"": ""retangular"", ""Length"": 0.3, ""Mass"": 0.049200000000000015}, {""SectionType"": ""retangular"", ""Length"": 0.39999999999999997, ""Mass"": 0.0464}, {""SectionType"": ""retangular"", ""Length"": 0.30000000000000004, ""Mass"": 0.024000000000000007}]"
0.565612617,0.048,0.02,,2.8833333333333333e-08,0.01,0.005,3354320.6961849714,4.47184433410324,0.11181068987283237,0.09191185051454348,0.025132966652716852,0.23920000000000005,"[{""SectionType"": ""retangular"", ""Length"": 0.3, ""Mass"": 0.049200000000000015}, {""SectionType"": ""retangular"", ""Length"": 0.39999999999999997, ""Mass"": 0.0464}, {""SectionType"": ""retangular"", ""Length"": 0.30000000000000004, ""Mass"": 0.024000000000000007}]"
0.56912144,0.048,0.02,,2.8833333333333333e-08,0.01,0.005,3268548.276416185,4.589193345630134,0.10895160921387283,0.09229414242684013,0.025456810462429424,0.23920000000000005,"[{""SectionType"": ""retangular"", ""Length"": 0.3, ""Mass"": 0.049200000000000015}, {""SectionType"": ""retangular"", ""Length"": 0.39999999999999997, ""Mass"": 0.0464}, {""SectionType"": ""retangular"", ""Length"": 0.30000000000000004, ""Mass"": 0.024000000000000007}]"
0.59247362,0.048,0.02,,2.8833333333333333e-08,0.01,0.005,3240347.6677456647,4.629132901172799,0.10801158892485549,0.09481644849349936,0.027670981234610356,0.23920000000000005,"[{""SectionType"": ""retangular"", ""Length"": 0.3, ""Mass"": 0.049200000000000015}, {""SectionType"": ""retangular"", ""Length"": 0.39999999999999997, ""Mass"": 0.0464}, {""SectionType"": ""retangular"", ""Length"": 0.30000000000000004, ""Mass"": 0.024000000000000007}]"
0.637174633,0.048,0.02,,2.8833333333333333e-08,0.01,0.005,2522796.491445087,5.945782805258235,0.0840932163815029,0.09857550045218073,0.03207740596180479,0.23920000000000005,"[{""SectionType"": ""retangular"", ""Length"": 0.3, ""Mass"": 0.049200000000000015}, {""SectionType"": ""retangular"", ""Length"": 0.39999999999999997, ""Mass"": 0.0464}, {""SectionType"": ""retangular"", ""Length"": 0.30000000000000004, ""Mass"": 0.024000000000000007}]"
0.681139667,0.048,0.02,,2.8833333333333333e-08,0.01,0.005,1908834.3128323702,7.858199058535715,0.06362781042774567,0.10137289930098213,0.03653426892625104,0.23920000000000005,"[{""SectionType"": ""retangular"", ""Length"": 0.3, ""Mass"": 0.049200000000000015}, {""SectionType"": ""retangular"", ""Length"": 0.39999999999999997, ""Mass"": 0.0464}, {""SectionType"": ""retangular"", ""Length"": 0.30000000000000004, ""Mass"": 0.024000000000000007}]"
0.723887032,0.04,0.01,,3.333333333333334e-09,0.005,0.005,6048198.865499999,2.4800771822439014,0.4032132576999999,0.11860920360072312,0.041604499844930476,0.23920000000000005,"[{""SectionType"": ""retangular"", ""Length"": 0.3, ""Mass"": 0.049200000000000015}, {""SectionType"": ""retangular"", ""Length"": 0.39999999999999997, ""Mass"": 0.0464}, {""SectionType"": ""retangular"", ""Length"": 0.30000000000000004, ""Mass"": 0.024000000000000007}]"
0.764948378,0.04,0.01,,3.333333333333334e-09,0.005,0.005,4270295.8215,3.5126372099277763,0.28468638809999997,0.1302988098839875,0.046954744360965105,0.23920000000000005,"[{""SectionType"": ""retangular"", ""Length"": 0.3, ""Mass"": 0.049200000000000015}, {""SectionType"": ""retangular"", ""Length"": 0.39999999999999997, ""Mass"": 0.0464}, {""SectionType"": ""retangular"", ""Length"": 0.30000000000000004, ""Mass"": 0.024000000000000007}]"
0.8038738292,0.04,0.01,,3.333333333333334e-09,0.005,0.005,2888462.4914999995,5.193074185363713,0.19256416609999996,0.13779445693438175,0.05231845576999487,0.23920000000000005,"[{""SectionType"": ""retangular"", ""Length"": 0.3, ""Mass"": 0.049200000000000015}, {""SectionType"": ""retangular"", ""Length"": 0.39999999999999997, ""Mass"": 0.0464}, {""SectionType"": ""retangular"", ""Length"": 0.30000000000000004, ""Mass"": 0.024000000000000007}]"
0.8402369096,0.04,0.01,,3.333333333333334e-09,0.005,0.005,1857329.9984999998,8.076109260128337,0.12382199989999998,0.14229700627203423,0.05749281324974416,0.23920000000000005,"[{""SectionType"": ""retangular"", ""Length"": 0.3, ""Mass"": 0.049200000000000015}, {""SectionType"": ""retangular"", ""Length"": 0.39999999999999997, ""Mass"": 0.0464}, {""SectionType"": ""retangular"", ""Length"": 0.30000000000000004, ""Mass"": 0.024000000000000007}]"
0.8736392178,0.04,0.01,,3.333333333333334e-09,0.005,0.005,1123641.7258499998,13.34945085690278,0.07490944838999998,0.144799154754249,0.06232943924394508,0.23920000000000005,"[{""SectionType"": ""retangular"", ""Length"": 0.3, ""Mass"": 0.049200000000000015}, {""SectionType"": ""retangular"", ""Length"": 0.39999999999999997, ""Mass"": 0.0464}, {""SectionType"": ""retangular"", ""Length"": 0.30000000000000004, ""Mass"": 0.024000000000000007}]"
0.9037147913,0.04,0.01,,3.333333333333334e-09,0.005,0.005,630470.32635,23.791762075211267,0.04203135508999999,0.1460632718635629,0.06672237591252815,0.23920000000000005,"[{""SectionType"": ""retangular"", ""Length"": 0.3, ""Mass"": 0.049200000000000015}, {""SectionType"": ""retangular"", ""Length"": 0.39999999999999997, ""Mass"": 0.0464}, {""SectionType"": ""retangular"", ""Length"": 0.30000000000000004, ""Mass"": 0.024000000000000007}]"
0.9301341156,0.04,0.01,,3.333333333333334e-09,0.005,0.005,321386.56529999996,46.672766131335244,0.021425771019999998,0.14662932625651784,0.07059622363478961,0.23920000000000005,"[{""SectionType"": ""retangular"", ""Length"": 0.3, ""Mass"": 0.049200000000000015}, {""SectionType"": ""retangular"", ""Length"": 0.39999999999999997, ""Mass"": 0.0464}, {""SectionType"": ""retangular"", ""Length"": 0.30000000000000004, ""Mass"": 0.024000000000000007}]"
0.9526077352,0.04,0.01,,3.333333333333334e-09,0.005,0.005,144223.25224499998,104.00542053037796,0.009614883482999999,0.1468454074904131,0.07389637146273613,0.23920000000000005,"[{""SectionType"": ""retangular"", ""Length"": 0.3, ""Mass"": 0.049200000000000015}, {""SectionType"": ""retangular"", ""Length"": 0.39999999999999997, ""Mass"": 0.0464}, {""SectionType"": ""retangular"", ""Length"": 0.30000000000000004, ""Mass"": 0.024000000000000007}]"
0.9708894244,0.04,0.01,,3.333333333333334e-09,0.005,0.005,54096.79084499999,277.2807733268046,0.0036064527229999993,0.14691133953820948,0.07658215891212936,0.23920000000000005,"[{""SectionType"": ""retangular"", ""Length"": 0.3, ""Mass"": 0.049200000000000015}, {""SectionType"": ""retangular"", ""Length"": 0.39999999999999997, ""Mass"": 0.0464}, {""SectionType"": ""retangular"", ""Length"": 0.30000000000000004, ""Mass"": 0.024000000000000007}]"
0.9847788852,0.04,0.01,,3.333333333333334e-09,0.005,0.005,15414.855524999999,973.0872907418963,0.0010276570349999998,0.14692561314031297,0.0786228764563577,0.23920000000000005,"[{""SectionType"": ""retangular"", ""Length"": 0.3, ""Mass"": 0.049200000000000015}, {""SectionType"": ""retangular"", ""Length"": 0.39999999999999997, ""Mass"": 0.0464}, {""SectionType"": ""retangular"", ""Length"": 0.30000000000000004, ""Mass"": 0.024000000000000007}]"
0.9941239417,0.04,0.01,,3.333333333333334e-09,0.005,0.005,2695.3724579999994,5565.093594200406,0.00017969149719999997,0.14692729236750687,0.07999592030492406,0.23920000000000005,"[{""SectionType"": ""retangular"", ""Length"": 0.3, ""Mass"": 0.049200000000000015}, {""SectionType"": ""retangular"", ""Length"": 0.39999999999999997, ""Mass"": 0.0464}, {""SectionType"": ""retangular"", ""Length"": 0.30000000000000004, ""Mass"": 0.024000000000000007}]"
0.9988222075,0.04,0.01,,3.333333333333334e-09,0.005,0.005,136.3785,109988.01130676756,9.091899999999998e-06,0.1469273350836697,0.0806862239784328,0.23920000000000005,"[{""SectionType"": ""retangular"", ""Length"": 0.3, ""Mass"": 0.049200000000000015}, {""SectionType"": ""retangular"", ""Length"": 0.39999999999999997, ""Mass"": 0.0464}, {""SectionType"": ""retangular"", ""Length"": 0.30000000000000004, ""Mass"": 0.024000000000000007}]"
